{
    "tc": {
        "prob": [
            [
                0.34149283408334685,
                0.6585071659166531
            ],
            [
                0.9067103290750071,
                0.09328967092499285
            ]
        ],
        "T": 180,
        "cost": 2.058917775319561
    },
    "loss_infinite": 99.06051995575208,
    "loss_finite": 75.56322884667722
}{
    "tc": {
        "prob": [
            [
                0.9070584339609619,
                0.09294156603903814
            ],
            [
                0.043795559894144964,
                0.956204440105855
            ]
        ],
        "T": 180,
        "cost": 1.2617688031151961
    },
    "loss_infinite": 41.49714486541911,
    "loss_finite": 55.05132300824654
}{
    "tc": {
        "prob": [
            [
                0.4551757693456765,
                0.5448242306543235
            ],
            [
                0.20219211202346965,
                0.7978078879765303
            ]
        ],
        "T": 60,
        "cost": 2.2567865918160592
    },
    "loss_infinite": 23.540719550896355,
    "loss_finite": 16.48697028071662
}{
    "tc": {
        "prob": [
            [
                0.6143833476019199,
                0.3856166523980801
            ],
            [
                0.11312643208319861,
                0.8868735679168014
            ]
        ],
        "T": 140,
        "cost": 0.9646676056914257
    },
    "loss_infinite": 41.50534647967995,
    "loss_finite": 32.30353557644108
}{
    "tc": {
        "prob": [
            [
                0.48443539925568424,
                0.5155646007443158
            ],
            [
                0.9287073886642861,
                0.07129261133571385
            ]
        ],
        "T": 90,
        "cost": 0.4850897150363068
    },
    "loss_infinite": 31.135203472105765,
    "loss_finite": 32.03933775750089
}{
    "tc": {
        "prob": [
            [
                0.26043045820882427,
                0.7395695417911757
            ],
            [
                0.28454697768918247,
                0.7154530223108175
            ]
        ],
        "T": 120,
        "cost": 2.0290065807788737
    },
    "loss_infinite": 66.34807896934649,
    "loss_finite": 33.32454934527975
}{
    "tc": {
        "prob": [
            [
                0.17600154861820627,
                0.8239984513817937
            ],
            [
                0.2849623157937703,
                0.7150376842062297
            ]
        ],
        "T": 40,
        "cost": 2.5898948543539313
    },
    "loss_infinite": 16.359579417415723,
    "loss_finite": 10.205528570034922
}{
    "tc": {
        "prob": [
            [
                0.0961648061202095,
                0.9038351938797905
            ],
            [
                0.7007448202392612,
                0.2992551797607388
            ]
        ],
        "T": 50,
        "cost": 1.633156580212836
    },
    "loss_infinite": 23.165782901064183,
    "loss_finite": 21.314379472098935
}{
    "tc": {
        "prob": [
            [
                0.6893192986153375,
                0.3106807013846625
            ],
            [
                0.10946939330629457,
                0.8905306066937054
            ]
        ],
        "T": 20,
        "cost": 0.4142533527925999
    },
    "loss_infinite": 4.314026822340799,
    "loss_finite": 4.928172476509545
}{
    "tc": {
        "prob": [
            [
                0.08357274781995117,
                0.9164272521800488
            ],
            [
                0.04811035385727325,
                0.9518896461427268
            ]
        ],
        "T": 20,
        "cost": 1.3785471689642663
    },
    "loss_infinite": 3.7570943379285326,
    "loss_finite": 1.0325161293995433
}{
    "tc": {
        "prob": [
            [
                0.8627188316147565,
                0.1372811683852435
            ],
            [
                0.2516227985663917,
                0.7483772014336083
            ]
        ],
        "T": 50,
        "cost": 0.3892054135355989
    },
    "loss_infinite": 18.784108270711982,
    "loss_finite": 13.93470802371821
}{
    "tc": {
        "prob": [
            [
                0.058038832278636376,
                0.9419611677213636
            ],
            [
                0.06607714281493693,
                0.9339228571850631
            ]
        ],
        "T": 110,
        "cost": 1.6811370321177366
    },
    "loss_infinite": 24.492507353295096,
    "loss_finite": 7.203073768442287
}{
    "tc": {
        "prob": [
            [
                0.6312011060678532,
                0.3687988939321468
            ],
            [
                0.6997777374422713,
                0.30022226255772866
            ]
        ],
        "T": 190,
        "cost": 0.3698054767135349
    },
    "loss_infinite": 64.01105192882267,
    "loss_finite": 65.5970341374139
}{
    "tc": {
        "prob": [
            [
                0.7297794003668303,
                0.2702205996331697
            ],
            [
                0.5564595618609923,
                0.4435404381390077
            ]
        ],
        "T": 30,
        "cost": 2.4996521731101895
    },
    "loss_infinite": 15.49895651933057,
    "loss_finite": 9.737700917465714
}{
    "tc": {
        "prob": [
            [
                0.46090305732206416,
                0.5390969426779358
            ],
            [
                0.5193237429616987,
                0.4806762570383013
            ]
        ],
        "T": 10,
        "cost": 2.824514355453503
    },
    "loss_infinite": 5.824514355453503,
    "loss_finite": 4.878477391057855
}{
    "tc": {
        "prob": [
            [
                0.7287259225878652,
                0.27127407741213483
            ],
            [
                0.4590433853337751,
                0.5409566146662249
            ]
        ],
        "T": 120,
        "cost": 1.7268221348950599
    },
    "loss_infinite": 51.72186561874071,
    "loss_finite": 44.43645158720962
}{
    "tc": {
        "prob": [
            [
                0.46298305052216693,
                0.5370169494778331
            ],
            [
                0.2874951118884306,
                0.7125048881115694
            ]
        ],
        "T": 10,
        "cost": 0.5033816903794505
    },
    "loss_infinite": 2.5033816903794506,
    "loss_finite": 3.6254763953033704
}{
    "tc": {
        "prob": [
            [
                0.7637298105313692,
                0.23627018946863076
            ],
            [
                0.2201653327758969,
                0.7798346672241031
            ]
        ],
        "T": 50,
        "cost": 2.295313975929422
    },
    "loss_infinite": 28.476569879647105,
    "loss_finite": 23.7363701078717
}{
    "tc": {
        "prob": [
            [
                0.9880965060091079,
                0.011903493990892078
            ],
            [
                0.9758905540736924,
                0.024109445926307593
            ]
        ],
        "T": 150,
        "cost": 2.876007795691066
    },
    "loss_infinite": 46.14011693536599,
    "loss_finite": 1.8074385174695056
}{
    "tc": {
        "prob": [
            [
                0.9468091927607257,
                0.053190807239274274
            ],
            [
                0.19037379670560595,
                0.809626203294394
            ]
        ],
        "T": 60,
        "cost": 2.6571202094829305
    },
    "loss_infinite": 43.942721256897585,
    "loss_finite": 12.424853208172646
}{
    "tc": {
        "prob": [
            [
                0.46783930750107217,
                0.5321606924989278
            ],
            [
                0.5026104378456909,
                0.4973895621543091
            ]
        ],
        "T": 60,
        "cost": 0.2652545654085343
    },
    "loss_infinite": 15.915273924512078,